epoch,steps,MRR@10
0,50000,0.7831687330937704
0,100000,0.7961031389067371
0,150000,0.7946153907173397
0,200000,0.8011886913686014
0,250000,0.8010695049300747
0,-1,0.8007932541665675
1,50000,0.8038825825182646
1,100000,0.795322378493293
1,150000,0.8003069893624616
1,200000,0.7990189429094977
1,250000,0.7996894409937889
1,-1,0.7992979700625877
